condicion;Co;replica;medicion_fiass;Ce;Qe;;
DI;9.595;1;1;0.7878;2.009858512;;
DI;9.595;1;2;0.5555;2.071695951;;
DI;9.595;1;3;0.3333;2.169016393;;
DI;115.039;2;4;31.6534;18.90829932;;
DI;115.039;2;5;45.753;15.72775424;;
DI;115.039;2;6;43.1169;16.44810947;;
DI;289.466;3;7;153.722;30.45863874;;
DI;289.466;3;8;144.329;33.15648797;;
DI;289.466;3;9;138.673;34.41191237;;
DI;547.723;4;10;337.441;47.93662614;;
DI;547.723;4;11;392.284;36.36283531;;
DI;547.723;4;12;408.343;32.08071198;;
DI;1054.44;5;13;861.328;44.63985206;;
DI;1054.44;5;14;880.417;39.37765877;;
DI;1054.44;5;15;779.013;63.5992149;;
DI;1621.05;6;16;1325.12;66.61089436;;
DI;1621.05;6;17;1338.25;64.26299046;;
DI;1621.05;6;18;1446.32;40.04507257;;
# DI;2372.49;7;19;1790.73;133.0446714;;174.73
DI;2372.49;7;20;2047.27;73.51265823;;581.76
# DI;2372.49;7;21;1883.65;112.0336134;;325.22
DI;10.3424;1;22;0.7474;2.189639434;;
DI;10.3424;1;23;0.7171;2.205951108;;
DI;10.3424;1;24;0.5252;2.29911007;;
DI;114.433;2;25;34.4208;18.14335601;;
DI;114.433;2;26;47.066;15.29214588;;
DI;114.433;2;27;40.4202;16.92623876;;
DI;256.641;3;28;143.824;25.31421092;;
DI;256.641;3;29;155.035;23.21184892;;
DI;256.641;3;30;147.561;24.89274304;;
DI;559.136;4;31;341.683;49.57135258;;
DI;559.136;4;32;391.375;39.24539925;;
DI;559.136;4;33;373.599;42.70454197;;
DI;1079.69;5;34;865.873;49.42602866;;
DI;1079.69;5;35;847.491;52.54163524;;
DI;1079.69;5;36;804.364;63.57589286;;
DI;1532.17;6;37;1277.65;57.28991597;;
DI;1532.17;6;38;1315.02;49.34479624;;
DI;1532.17;6;39;1379.66;34.9526356;;
# DI;2385.62;7;40;1764.47;142.0529044;;
# DI;2385.62;7;41;1882.64;113.6934901;;
# DI;2385.62;7;42;1905.87;109.9503438;;
# Natural;27.371;1;1;19.7253;1.752261268;;
# Natural;27.371;1;2;18.7355;1.994034791;;
# Natural;27.371;1;3;19.291;1.892271663;;
# Natural;124.23;2;4;90.4152;7.684017573;;
# Natural;124.23;2;5;93.2634;6.933855799;;
# Natural;124.23;2;6;91.7888;7.474930876;;
# Natural;281.184;3;7;195.738;19.85884723;;
# Natural;281.184;3;8;196.748;19.02568725;;
# Natural;281.184;3;9;196.344;19.38166311;;
# Natural;570.145;4;10;464.802;24.22049356;;
# Natural;570.145;4;11;499.445;15.98101266;;
# Natural;570.145;4;12;484.295;19.84512252;;
# Natural;1128.17;5;13;1005.556;27.95151976;;
# Natural;1128.17;5;14;968.792;36.02576854;;
# Natural;1128.17;5;15;1017.07;25.48944631;;
# Natural;1640.24;6;16;1402.89;53.3131177;;
# Natural;1640.24;6;17;1422.08;49.20902256;;
# Natural;1640.24;6;18;1443.29;44.19222139;;
# Natural;2383.6;7;19;2244.22;31.50542495;;
# Natural;2383.6;7;20;2014.95;84.30782131;;
# Natural;2383.6;7;21;2216.95;37.59022556;;
Natural;28.1891;1;22;20.3111;1.805500382;;
Natural;28.1891;1;23;19.291;2.054672106;;
Natural;28.1891;1;24;19.8667;1.949039813;;
Natural;127.967;2;25;93.1119;7.920413574;;
Natural;127.967;2;26;96.051;7.146439767;;
Natural;127.967;2;27;94.536;7.702995392;;
Natural;289.668;3;28;201.596;20.46916641;;
Natural;289.668;3;29;202.707;19.59463722;;
Natural;289.668;3;30;202.202;19.98157173;;
Natural;587.214;4;31;478.74;24.940374;;
Natural;587.214;4;32;514.393;16.46044304;;
Natural;587.214;4;33;498.738;20.45214979;;
Natural;1162.51;5;34;1035.25;29.0106383;;
Natural;1162.51;5;35;997.779;37.23575949;;
Natural;1162.51;5;36;1048.38;26.18461303;;
Natural;1688.72;6;37;1445.31;54.67430368;;
Natural;1688.72;6;38;1464.5;50.57593985;;
Natural;1688.72;6;39;1486.72;45.32535527;;
Natural;2455.31;7;40;2311.89;32.41862568;;
Natural;2455.31;7;41;2075.55;86.84860497;;
Natural;2455.31;7;42;2283.61;38.72932331;;
Natural;27.8457;1;43;20.5232;1.678189458;;
Natural;27.8457;1;44;19.9879;1.814455049;;
Natural;27.8457;1;45;20.1192;1.809484778;;
Natural;132.916;2;46;96.6267;8.24631874;;
Natural;132.916;2;47;97.8993;7.84072996;;
Natural;132.916;2;48;96.9398;8.289447005;;
Natural;303;3;49;207.959;22.08885962;;
Natural;303;3;50;201.192;22.94006309;;
Natural;303;3;51;211.595;20.88143466;;
Natural;600.142;4;52;493.082;24.61526671;;
Natural;600.142;4;53;530.654;15.70705244;;
Natural;600.142;4;54;507.929;21.3159963;;
Natural;1203.92;5;55;1089.79;26.0174772;;
Natural;1203.92;5;56;1029.19;39.49593128;;
Natural;1203.92;5;57;1060.5;32.90455797;;
Natural;1645.29;6;58;1391.78;56.94294699;;
Natural;1645.29;6;59;1456.42;42.60225564;;
Natural;1645.29;6;60;1496.82;33.31413613;;
# Natural;2758.31;7;61;2269.47;110.4972875;;
# Natural;2758.31;7;62;2106.86;148.9823144;;
Natural;2758.31;7;63;2468.44;65.38421053;;
NaCl;15.4934;2;67;1.01;3.266004098;;
NaCl;15.4934;2;68;1.01;3.250576797;;
NaCl;15.4934;2;69;1.01;3.202907888;;
NaCl;125.139;3;70;34.7945;19.86143416;;
NaCl;125.139;3;71;33.4512;20.0569486;;
NaCl;125.139;3;72;36.1782;19.74440809;;
NaCl;311.08;4;73;145.642;37.63136106;;
NaCl;311.08;4;74;149.985;36.4885495;;
NaCl;311.08;4;75;142.511;37.83827262;;
NaCl;560.146;5;76;363.499;43.32621439;;
NaCl;560.146;5;77;392.284;36.43755807;;
NaCl;560.146;5;78;379.356;39.86449438;;
NaCl;1070.6;6;79;870.216;44.09425717;;
NaCl;1070.6;6;80;887.083;42.14092825;;
NaCl;1070.6;6;81;875.165;42.04627274;;
NaCl;2257.35;7;82;2013.94;53.43094214;;
NaCl;2257.35;7;83;1969.5;61.93545888;;
NaCl;2257.35;7;84;1986.67;62.16279112;;
NaCl;805.2;8;85;604.889;46.40409266;;
NaCl;805.2;8;86;637.916;37.89278164;;
NaCl;805.2;8;87;614.484;43.70878533;;
